{"is_source_file": true, "format": "md", "description": ".md file: README.md", "external_files": [], "external_methods": [], "published": [], "classes": [], "methods": [], "calls": [], "search-terms": ["README.md", "md"], "state": 2, "filename": "README.md", "format-version": 4, "code-base-name": "https://github.com/kavia-common/simple-todo-application-6993-7003.git:kavia-main", "knowledge_revision": 3, "git_revision": "3688180ee77cdc5f2a732f5297a521fba52a9d7e", "revision_history": [{"3": "3688180ee77cdc5f2a732f5297a521fba52a9d7e"}]}